atomic_id,kind,crop_id,pdf_id,pdf_name,field,page,bbox_index,image_path
huemanity_ishihara__p000__b00,crop,huemanity_ishihara__p000__b00,huemanity_ishihara,huemanity_ishihara.pdf,Ishihara,0,0,Ishihara/huemanity_ishihara/crops/huemanity_ishihara__p000__b00.png
huemanity_ishihara__p001__b00,crop,huemanity_ishihara__p001__b00,huemanity_ishihara,huemanity_ishihara.pdf,Ishihara,1,0,Ishihara/huemanity_ishihara/crops/huemanity_ishihara__p001__b00.png
huemanity_ishihara__p002__b00,crop,huemanity_ishihara__p002__b00,huemanity_ishihara,huemanity_ishihara.pdf,Ishihara,2,0,Ishihara/huemanity_ishihara/crops/huemanity_ishihara__p002__b00.png
huemanity_ishihara__p003__b00,crop,huemanity_ishihara__p003__b00,huemanity_ishihara,huemanity_ishihara.pdf,Ishihara,3,0,Ishihara/huemanity_ishihara/crops/huemanity_ishihara__p003__b00.png
huemanity_ishihara__p004__b00,crop,huemanity_ishihara__p004__b00,huemanity_ishihara,huemanity_ishihara.pdf,Ishihara,4,0,Ishihara/huemanity_ishihara/crops/huemanity_ishihara__p004__b00.png
huemanity_ishihara__p005__b00,crop,huemanity_ishihara__p005__b00,huemanity_ishihara,huemanity_ishihara.pdf,Ishihara,5,0,Ishihara/huemanity_ishihara/crops/huemanity_ishihara__p005__b00.png
huemanity_ishihara__p006__b00,crop,huemanity_ishihara__p006__b00,huemanity_ishihara,huemanity_ishihara.pdf,Ishihara,6,0,Ishihara/huemanity_ishihara/crops/huemanity_ishihara__p006__b00.png
huemanity_ishihara__p007__b00,crop,huemanity_ishihara__p007__b00,huemanity_ishihara,huemanity_ishihara.pdf,Ishihara,7,0,Ishihara/huemanity_ishihara/crops/huemanity_ishihara__p007__b00.png
huemanity_ishihara__p008__b00,crop,huemanity_ishihara__p008__b00,huemanity_ishihara,huemanity_ishihara.pdf,Ishihara,8,0,Ishihara/huemanity_ishihara/crops/huemanity_ishihara__p008__b00.png
huemanity_ishihara__p009__b00,crop,huemanity_ishihara__p009__b00,huemanity_ishihara,huemanity_ishihara.pdf,Ishihara,9,0,Ishihara/huemanity_ishihara/crops/huemanity_ishihara__p009__b00.png
huemanity_ishihara__p010__b00,crop,huemanity_ishihara__p010__b00,huemanity_ishihara,huemanity_ishihara.pdf,Ishihara,10,0,Ishihara/huemanity_ishihara/crops/huemanity_ishihara__p010__b00.png
huemanity_ishihara__p011__b00,crop,huemanity_ishihara__p011__b00,huemanity_ishihara,huemanity_ishihara.pdf,Ishihara,11,0,Ishihara/huemanity_ishihara/crops/huemanity_ishihara__p011__b00.png
huemanity_ishihara__p012__b00,crop,huemanity_ishihara__p012__b00,huemanity_ishihara,huemanity_ishihara.pdf,Ishihara,12,0,Ishihara/huemanity_ishihara/crops/huemanity_ishihara__p012__b00.png
huemanity_ishihara__p013__b00,crop,huemanity_ishihara__p013__b00,huemanity_ishihara,huemanity_ishihara.pdf,Ishihara,13,0,Ishihara/huemanity_ishihara/crops/huemanity_ishihara__p013__b00.png
huemanity_ishihara__p014__b00,crop,huemanity_ishihara__p014__b00,huemanity_ishihara,huemanity_ishihara.pdf,Ishihara,14,0,Ishihara/huemanity_ishihara/crops/huemanity_ishihara__p014__b00.png
huemanity_ishihara__p015__b00,crop,huemanity_ishihara__p015__b00,huemanity_ishihara,huemanity_ishihara.pdf,Ishihara,15,0,Ishihara/huemanity_ishihara/crops/huemanity_ishihara__p015__b00.png
huemanity_ishihara__p016__b00,crop,huemanity_ishihara__p016__b00,huemanity_ishihara,huemanity_ishihara.pdf,Ishihara,16,0,Ishihara/huemanity_ishihara/crops/huemanity_ishihara__p016__b00.png
huemanity_ishihara__p017__b00,crop,huemanity_ishihara__p017__b00,huemanity_ishihara,huemanity_ishihara.pdf,Ishihara,17,0,Ishihara/huemanity_ishihara/crops/huemanity_ishihara__p017__b00.png
huemanity_ishihara__p018__b00,crop,huemanity_ishihara__p018__b00,huemanity_ishihara,huemanity_ishihara.pdf,Ishihara,18,0,Ishihara/huemanity_ishihara/crops/huemanity_ishihara__p018__b00.png
huemanity_ishihara__p019__b00,crop,huemanity_ishihara__p019__b00,huemanity_ishihara,huemanity_ishihara.pdf,Ishihara,19,0,Ishihara/huemanity_ishihara/crops/huemanity_ishihara__p019__b00.png
huemanity_ishihara__p020__b00,crop,huemanity_ishihara__p020__b00,huemanity_ishihara,huemanity_ishihara.pdf,Ishihara,20,0,Ishihara/huemanity_ishihara/crops/huemanity_ishihara__p020__b00.png
huemanity_ishihara__p021__b00,crop,huemanity_ishihara__p021__b00,huemanity_ishihara,huemanity_ishihara.pdf,Ishihara,21,0,Ishihara/huemanity_ishihara/crops/huemanity_ishihara__p021__b00.png
huemanity_ishihara__p022__b00,crop,huemanity_ishihara__p022__b00,huemanity_ishihara,huemanity_ishihara.pdf,Ishihara,22,0,Ishihara/huemanity_ishihara/crops/huemanity_ishihara__p022__b00.png
huemanity_ishihara__p023__b00,crop,huemanity_ishihara__p023__b00,huemanity_ishihara,huemanity_ishihara.pdf,Ishihara,23,0,Ishihara/huemanity_ishihara/crops/huemanity_ishihara__p023__b00.png
huemanity_ishihara__p024__b00,crop,huemanity_ishihara__p024__b00,huemanity_ishihara,huemanity_ishihara.pdf,Ishihara,24,0,Ishihara/huemanity_ishihara/crops/huemanity_ishihara__p024__b00.png
huemanity_ishihara__p025__b00,crop,huemanity_ishihara__p025__b00,huemanity_ishihara,huemanity_ishihara.pdf,Ishihara,25,0,Ishihara/huemanity_ishihara/crops/huemanity_ishihara__p025__b00.png
huemanity_ishihara__p026__b00,crop,huemanity_ishihara__p026__b00,huemanity_ishihara,huemanity_ishihara.pdf,Ishihara,26,0,Ishihara/huemanity_ishihara/crops/huemanity_ishihara__p026__b00.png
huemanity_ishihara__p027__b00,crop,huemanity_ishihara__p027__b00,huemanity_ishihara,huemanity_ishihara.pdf,Ishihara,27,0,Ishihara/huemanity_ishihara/crops/huemanity_ishihara__p027__b00.png
huemanity_ishihara__p028__b00,crop,huemanity_ishihara__p028__b00,huemanity_ishihara,huemanity_ishihara.pdf,Ishihara,28,0,Ishihara/huemanity_ishihara/crops/huemanity_ishihara__p028__b00.png
huemanity_ishihara__p029__b00,crop,huemanity_ishihara__p029__b00,huemanity_ishihara,huemanity_ishihara.pdf,Ishihara,29,0,Ishihara/huemanity_ishihara/crops/huemanity_ishihara__p029__b00.png
huemanity_ishihara__p030__b00,crop,huemanity_ishihara__p030__b00,huemanity_ishihara,huemanity_ishihara.pdf,Ishihara,30,0,Ishihara/huemanity_ishihara/crops/huemanity_ishihara__p030__b00.png
huemanity_ishihara__p031__b00,crop,huemanity_ishihara__p031__b00,huemanity_ishihara,huemanity_ishihara.pdf,Ishihara,31,0,Ishihara/huemanity_ishihara/crops/huemanity_ishihara__p031__b00.png
huemanity_ishihara__p032__b00,crop,huemanity_ishihara__p032__b00,huemanity_ishihara,huemanity_ishihara.pdf,Ishihara,32,0,Ishihara/huemanity_ishihara/crops/huemanity_ishihara__p032__b00.png
huemanity_ishihara__p033__b00,crop,huemanity_ishihara__p033__b00,huemanity_ishihara,huemanity_ishihara.pdf,Ishihara,33,0,Ishihara/huemanity_ishihara/crops/huemanity_ishihara__p033__b00.png
huemanity_ishihara__p034__b00,crop,huemanity_ishihara__p034__b00,huemanity_ishihara,huemanity_ishihara.pdf,Ishihara,34,0,Ishihara/huemanity_ishihara/crops/huemanity_ishihara__p034__b00.png
huemanity_ishihara__p035__b00,crop,huemanity_ishihara__p035__b00,huemanity_ishihara,huemanity_ishihara.pdf,Ishihara,35,0,Ishihara/huemanity_ishihara/crops/huemanity_ishihara__p035__b00.png
huemanity_ishihara__p036__b00,crop,huemanity_ishihara__p036__b00,huemanity_ishihara,huemanity_ishihara.pdf,Ishihara,36,0,Ishihara/huemanity_ishihara/crops/huemanity_ishihara__p036__b00.png
huemanity_ishihara__p037__b00,crop,huemanity_ishihara__p037__b00,huemanity_ishihara,huemanity_ishihara.pdf,Ishihara,37,0,Ishihara/huemanity_ishihara/crops/huemanity_ishihara__p037__b00.png
huemanity_ishihara__p038__b00,crop,huemanity_ishihara__p038__b00,huemanity_ishihara,huemanity_ishihara.pdf,Ishihara,38,0,Ishihara/huemanity_ishihara/crops/huemanity_ishihara__p038__b00.png
huemanity_ishihara__p039__b00,crop,huemanity_ishihara__p039__b00,huemanity_ishihara,huemanity_ishihara.pdf,Ishihara,39,0,Ishihara/huemanity_ishihara/crops/huemanity_ishihara__p039__b00.png
huemanity_ishihara__p040__b00,crop,huemanity_ishihara__p040__b00,huemanity_ishihara,huemanity_ishihara.pdf,Ishihara,40,0,Ishihara/huemanity_ishihara/crops/huemanity_ishihara__p040__b00.png
huemanity_ishihara__p041__b00,crop,huemanity_ishihara__p041__b00,huemanity_ishihara,huemanity_ishihara.pdf,Ishihara,41,0,Ishihara/huemanity_ishihara/crops/huemanity_ishihara__p041__b00.png
huemanity_ishihara__p042__b00,crop,huemanity_ishihara__p042__b00,huemanity_ishihara,huemanity_ishihara.pdf,Ishihara,42,0,Ishihara/huemanity_ishihara/crops/huemanity_ishihara__p042__b00.png
huemanity_ishihara__p043__b00,crop,huemanity_ishihara__p043__b00,huemanity_ishihara,huemanity_ishihara.pdf,Ishihara,43,0,Ishihara/huemanity_ishihara/crops/huemanity_ishihara__p043__b00.png
huemanity_ishihara__p044__b00,crop,huemanity_ishihara__p044__b00,huemanity_ishihara,huemanity_ishihara.pdf,Ishihara,44,0,Ishihara/huemanity_ishihara/crops/huemanity_ishihara__p044__b00.png
huemanity_ishihara__p045__b00,crop,huemanity_ishihara__p045__b00,huemanity_ishihara,huemanity_ishihara.pdf,Ishihara,45,0,Ishihara/huemanity_ishihara/crops/huemanity_ishihara__p045__b00.png
huemanity_ishihara__p046__b00,crop,huemanity_ishihara__p046__b00,huemanity_ishihara,huemanity_ishihara.pdf,Ishihara,46,0,Ishihara/huemanity_ishihara/crops/huemanity_ishihara__p046__b00.png
huemanity_ishihara__p047__b00,crop,huemanity_ishihara__p047__b00,huemanity_ishihara,huemanity_ishihara.pdf,Ishihara,47,0,Ishihara/huemanity_ishihara/crops/huemanity_ishihara__p047__b00.png
huemanity_ishihara__p048__b00,crop,huemanity_ishihara__p048__b00,huemanity_ishihara,huemanity_ishihara.pdf,Ishihara,48,0,Ishihara/huemanity_ishihara/crops/huemanity_ishihara__p048__b00.png
huemanity_ishihara__p049__b00,crop,huemanity_ishihara__p049__b00,huemanity_ishihara,huemanity_ishihara.pdf,Ishihara,49,0,Ishihara/huemanity_ishihara/crops/huemanity_ishihara__p049__b00.png
huemanity_ishihara__p050__b00,crop,huemanity_ishihara__p050__b00,huemanity_ishihara,huemanity_ishihara.pdf,Ishihara,50,0,Ishihara/huemanity_ishihara/crops/huemanity_ishihara__p050__b00.png
huemanity_ishihara__p051__b00,crop,huemanity_ishihara__p051__b00,huemanity_ishihara,huemanity_ishihara.pdf,Ishihara,51,0,Ishihara/huemanity_ishihara/crops/huemanity_ishihara__p051__b00.png
huemanity_ishihara__p052__b00,crop,huemanity_ishihara__p052__b00,huemanity_ishihara,huemanity_ishihara.pdf,Ishihara,52,0,Ishihara/huemanity_ishihara/crops/huemanity_ishihara__p052__b00.png
huemanity_ishihara__p053__b00,crop,huemanity_ishihara__p053__b00,huemanity_ishihara,huemanity_ishihara.pdf,Ishihara,53,0,Ishihara/huemanity_ishihara/crops/huemanity_ishihara__p053__b00.png
huemanity_ishihara__p054__b00,crop,huemanity_ishihara__p054__b00,huemanity_ishihara,huemanity_ishihara.pdf,Ishihara,54,0,Ishihara/huemanity_ishihara/crops/huemanity_ishihara__p054__b00.png
huemanity_ishihara__p055__b00,crop,huemanity_ishihara__p055__b00,huemanity_ishihara,huemanity_ishihara.pdf,Ishihara,55,0,Ishihara/huemanity_ishihara/crops/huemanity_ishihara__p055__b00.png
huemanity_ishihara__p056__b00,crop,huemanity_ishihara__p056__b00,huemanity_ishihara,huemanity_ishihara.pdf,Ishihara,56,0,Ishihara/huemanity_ishihara/crops/huemanity_ishihara__p056__b00.png
huemanity_ishihara__p057__b00,crop,huemanity_ishihara__p057__b00,huemanity_ishihara,huemanity_ishihara.pdf,Ishihara,57,0,Ishihara/huemanity_ishihara/crops/huemanity_ishihara__p057__b00.png
huemanity_ishihara__p058__b00,crop,huemanity_ishihara__p058__b00,huemanity_ishihara,huemanity_ishihara.pdf,Ishihara,58,0,Ishihara/huemanity_ishihara/crops/huemanity_ishihara__p058__b00.png
huemanity_ishihara__p059__b00,crop,huemanity_ishihara__p059__b00,huemanity_ishihara,huemanity_ishihara.pdf,Ishihara,59,0,Ishihara/huemanity_ishihara/crops/huemanity_ishihara__p059__b00.png
huemanity_ishihara__p060__b00,crop,huemanity_ishihara__p060__b00,huemanity_ishihara,huemanity_ishihara.pdf,Ishihara,60,0,Ishihara/huemanity_ishihara/crops/huemanity_ishihara__p060__b00.png
huemanity_ishihara__p061__b00,crop,huemanity_ishihara__p061__b00,huemanity_ishihara,huemanity_ishihara.pdf,Ishihara,61,0,Ishihara/huemanity_ishihara/crops/huemanity_ishihara__p061__b00.png
huemanity_ishihara__p062__b00,crop,huemanity_ishihara__p062__b00,huemanity_ishihara,huemanity_ishihara.pdf,Ishihara,62,0,Ishihara/huemanity_ishihara/crops/huemanity_ishihara__p062__b00.png
huemanity_ishihara__p063__b00,crop,huemanity_ishihara__p063__b00,huemanity_ishihara,huemanity_ishihara.pdf,Ishihara,63,0,Ishihara/huemanity_ishihara/crops/huemanity_ishihara__p063__b00.png
huemanity_ishihara__p064__b00,crop,huemanity_ishihara__p064__b00,huemanity_ishihara,huemanity_ishihara.pdf,Ishihara,64,0,Ishihara/huemanity_ishihara/crops/huemanity_ishihara__p064__b00.png
huemanity_ishihara__p065__b00,crop,huemanity_ishihara__p065__b00,huemanity_ishihara,huemanity_ishihara.pdf,Ishihara,65,0,Ishihara/huemanity_ishihara/crops/huemanity_ishihara__p065__b00.png
huemanity_ishihara__p066__b00,crop,huemanity_ishihara__p066__b00,huemanity_ishihara,huemanity_ishihara.pdf,Ishihara,66,0,Ishihara/huemanity_ishihara/crops/huemanity_ishihara__p066__b00.png
huemanity_ishihara__p067__b00,crop,huemanity_ishihara__p067__b00,huemanity_ishihara,huemanity_ishihara.pdf,Ishihara,67,0,Ishihara/huemanity_ishihara/crops/huemanity_ishihara__p067__b00.png
huemanity_ishihara__p068__b00,crop,huemanity_ishihara__p068__b00,huemanity_ishihara,huemanity_ishihara.pdf,Ishihara,68,0,Ishihara/huemanity_ishihara/crops/huemanity_ishihara__p068__b00.png
huemanity_ishihara__p069__b00,crop,huemanity_ishihara__p069__b00,huemanity_ishihara,huemanity_ishihara.pdf,Ishihara,69,0,Ishihara/huemanity_ishihara/crops/huemanity_ishihara__p069__b00.png
huemanity_ishihara__p070__b00,crop,huemanity_ishihara__p070__b00,huemanity_ishihara,huemanity_ishihara.pdf,Ishihara,70,0,Ishihara/huemanity_ishihara/crops/huemanity_ishihara__p070__b00.png
huemanity_ishihara__p071__b00,crop,huemanity_ishihara__p071__b00,huemanity_ishihara,huemanity_ishihara.pdf,Ishihara,71,0,Ishihara/huemanity_ishihara/crops/huemanity_ishihara__p071__b00.png
huemanity_ishihara__p072__b00,crop,huemanity_ishihara__p072__b00,huemanity_ishihara,huemanity_ishihara.pdf,Ishihara,72,0,Ishihara/huemanity_ishihara/crops/huemanity_ishihara__p072__b00.png
huemanity_ishihara__p073__b00,crop,huemanity_ishihara__p073__b00,huemanity_ishihara,huemanity_ishihara.pdf,Ishihara,73,0,Ishihara/huemanity_ishihara/crops/huemanity_ishihara__p073__b00.png
huemanity_ishihara__p074__b00,crop,huemanity_ishihara__p074__b00,huemanity_ishihara,huemanity_ishihara.pdf,Ishihara,74,0,Ishihara/huemanity_ishihara/crops/huemanity_ishihara__p074__b00.png
huemanity_ishihara__p075__b00,crop,huemanity_ishihara__p075__b00,huemanity_ishihara,huemanity_ishihara.pdf,Ishihara,75,0,Ishihara/huemanity_ishihara/crops/huemanity_ishihara__p075__b00.png
huemanity_ishihara__p076__b00,crop,huemanity_ishihara__p076__b00,huemanity_ishihara,huemanity_ishihara.pdf,Ishihara,76,0,Ishihara/huemanity_ishihara/crops/huemanity_ishihara__p076__b00.png
huemanity_ishihara__p077__b00,crop,huemanity_ishihara__p077__b00,huemanity_ishihara,huemanity_ishihara.pdf,Ishihara,77,0,Ishihara/huemanity_ishihara/crops/huemanity_ishihara__p077__b00.png
huemanity_ishihara__p078__b00,crop,huemanity_ishihara__p078__b00,huemanity_ishihara,huemanity_ishihara.pdf,Ishihara,78,0,Ishihara/huemanity_ishihara/crops/huemanity_ishihara__p078__b00.png
huemanity_ishihara__p079__b00,crop,huemanity_ishihara__p079__b00,huemanity_ishihara,huemanity_ishihara.pdf,Ishihara,79,0,Ishihara/huemanity_ishihara/crops/huemanity_ishihara__p079__b00.png
huemanity_ishihara__p080__b00,crop,huemanity_ishihara__p080__b00,huemanity_ishihara,huemanity_ishihara.pdf,Ishihara,80,0,Ishihara/huemanity_ishihara/crops/huemanity_ishihara__p080__b00.png
huemanity_ishihara__p081__b00,crop,huemanity_ishihara__p081__b00,huemanity_ishihara,huemanity_ishihara.pdf,Ishihara,81,0,Ishihara/huemanity_ishihara/crops/huemanity_ishihara__p081__b00.png
huemanity_ishihara__p082__b00,crop,huemanity_ishihara__p082__b00,huemanity_ishihara,huemanity_ishihara.pdf,Ishihara,82,0,Ishihara/huemanity_ishihara/crops/huemanity_ishihara__p082__b00.png
huemanity_ishihara__p083__b00,crop,huemanity_ishihara__p083__b00,huemanity_ishihara,huemanity_ishihara.pdf,Ishihara,83,0,Ishihara/huemanity_ishihara/crops/huemanity_ishihara__p083__b00.png
huemanity_ishihara__p084__b00,crop,huemanity_ishihara__p084__b00,huemanity_ishihara,huemanity_ishihara.pdf,Ishihara,84,0,Ishihara/huemanity_ishihara/crops/huemanity_ishihara__p084__b00.png
huemanity_ishihara__p085__b00,crop,huemanity_ishihara__p085__b00,huemanity_ishihara,huemanity_ishihara.pdf,Ishihara,85,0,Ishihara/huemanity_ishihara/crops/huemanity_ishihara__p085__b00.png
huemanity_ishihara__p086__b00,crop,huemanity_ishihara__p086__b00,huemanity_ishihara,huemanity_ishihara.pdf,Ishihara,86,0,Ishihara/huemanity_ishihara/crops/huemanity_ishihara__p086__b00.png
huemanity_ishihara__p087__b00,crop,huemanity_ishihara__p087__b00,huemanity_ishihara,huemanity_ishihara.pdf,Ishihara,87,0,Ishihara/huemanity_ishihara/crops/huemanity_ishihara__p087__b00.png
huemanity_ishihara__p088__b00,crop,huemanity_ishihara__p088__b00,huemanity_ishihara,huemanity_ishihara.pdf,Ishihara,88,0,Ishihara/huemanity_ishihara/crops/huemanity_ishihara__p088__b00.png
huemanity_ishihara__p089__b00,crop,huemanity_ishihara__p089__b00,huemanity_ishihara,huemanity_ishihara.pdf,Ishihara,89,0,Ishihara/huemanity_ishihara/crops/huemanity_ishihara__p089__b00.png
huemanity_ishihara__p090__b00,crop,huemanity_ishihara__p090__b00,huemanity_ishihara,huemanity_ishihara.pdf,Ishihara,90,0,Ishihara/huemanity_ishihara/crops/huemanity_ishihara__p090__b00.png
huemanity_ishihara__p091__b00,crop,huemanity_ishihara__p091__b00,huemanity_ishihara,huemanity_ishihara.pdf,Ishihara,91,0,Ishihara/huemanity_ishihara/crops/huemanity_ishihara__p091__b00.png
huemanity_ishihara__p092__b00,crop,huemanity_ishihara__p092__b00,huemanity_ishihara,huemanity_ishihara.pdf,Ishihara,92,0,Ishihara/huemanity_ishihara/crops/huemanity_ishihara__p092__b00.png
huemanity_ishihara__p093__b00,crop,huemanity_ishihara__p093__b00,huemanity_ishihara,huemanity_ishihara.pdf,Ishihara,93,0,Ishihara/huemanity_ishihara/crops/huemanity_ishihara__p093__b00.png
huemanity_ishihara__p094__b00,crop,huemanity_ishihara__p094__b00,huemanity_ishihara,huemanity_ishihara.pdf,Ishihara,94,0,Ishihara/huemanity_ishihara/crops/huemanity_ishihara__p094__b00.png
huemanity_ishihara__p095__b00,crop,huemanity_ishihara__p095__b00,huemanity_ishihara,huemanity_ishihara.pdf,Ishihara,95,0,Ishihara/huemanity_ishihara/crops/huemanity_ishihara__p095__b00.png
huemanity_ishihara__p096__b00,crop,huemanity_ishihara__p096__b00,huemanity_ishihara,huemanity_ishihara.pdf,Ishihara,96,0,Ishihara/huemanity_ishihara/crops/huemanity_ishihara__p096__b00.png
huemanity_ishihara__p097__b00,crop,huemanity_ishihara__p097__b00,huemanity_ishihara,huemanity_ishihara.pdf,Ishihara,97,0,Ishihara/huemanity_ishihara/crops/huemanity_ishihara__p097__b00.png
huemanity_ishihara__p098__b00,crop,huemanity_ishihara__p098__b00,huemanity_ishihara,huemanity_ishihara.pdf,Ishihara,98,0,Ishihara/huemanity_ishihara/crops/huemanity_ishihara__p098__b00.png
huemanity_ishihara__p099__b00,crop,huemanity_ishihara__p099__b00,huemanity_ishihara,huemanity_ishihara.pdf,Ishihara,99,0,Ishihara/huemanity_ishihara/crops/huemanity_ishihara__p099__b00.png
