atomic_id,image_path,pdf_id,is_figure,classification,accessibility,category,is_ishihara_fft,figure_structure,contrast_reason
authentic_krzywinski__p001__b00,Ishihara/authentic_krzywinski/crops/authentic_krzywinski__p001__b00.png,authentic_krzywinski,yes,discrete,problematic,problematic_discrete,yes,10.06,Ishihara / colour-vision plate: hidden figure collapses in grayscale (structure 10.1 < 15.0).
authentic_krzywinski__p002__b00,Ishihara/authentic_krzywinski/crops/authentic_krzywinski__p002__b00.png,authentic_krzywinski,yes,discrete,problematic,problematic_discrete,yes,9.76,Ishihara / colour-vision plate: hidden figure collapses in grayscale (structure 9.8 < 15.0).
authentic_krzywinski__p003__b00,Ishihara/authentic_krzywinski/crops/authentic_krzywinski__p003__b00.png,authentic_krzywinski,yes,discrete,problematic,problematic_discrete,yes,10.65,Ishihara / colour-vision plate: hidden figure collapses in grayscale (structure 10.7 < 15.0).
authentic_krzywinski__p004__b00,Ishihara/authentic_krzywinski/crops/authentic_krzywinski__p004__b00.png,authentic_krzywinski,yes,discrete,problematic,problematic_discrete,yes,10.8,Ishihara / colour-vision plate: hidden figure collapses in grayscale (structure 10.8 < 15.0).
authentic_krzywinski__p005__b00,Ishihara/authentic_krzywinski/crops/authentic_krzywinski__p005__b00.png,authentic_krzywinski,yes,discrete,problematic,problematic_discrete,yes,10.86,Ishihara / colour-vision plate: hidden figure collapses in grayscale (structure 10.9 < 15.0).
authentic_krzywinski__p006__b00,Ishihara/authentic_krzywinski/crops/authentic_krzywinski__p006__b00.png,authentic_krzywinski,yes,discrete,problematic,problematic_discrete,yes,10.15,Ishihara / colour-vision plate: hidden figure collapses in grayscale (structure 10.2 < 15.0).
authentic_krzywinski__p007__b00,Ishihara/authentic_krzywinski/crops/authentic_krzywinski__p007__b00.png,authentic_krzywinski,yes,discrete,problematic,problematic_discrete,yes,10.4,Ishihara / colour-vision plate: hidden figure collapses in grayscale (structure 10.4 < 15.0).
authentic_krzywinski__p008__b00,Ishihara/authentic_krzywinski/crops/authentic_krzywinski__p008__b00.png,authentic_krzywinski,yes,discrete,problematic,problematic_discrete,yes,9.85,Ishihara / colour-vision plate: hidden figure collapses in grayscale (structure 9.8 < 15.0).
authentic_krzywinski__p009__b00,Ishihara/authentic_krzywinski/crops/authentic_krzywinski__p009__b00.png,authentic_krzywinski,yes,discrete,problematic,problematic_discrete,yes,9.83,Ishihara / colour-vision plate: hidden figure collapses in grayscale (structure 9.8 < 15.0).
authentic_krzywinski__p010__b00,Ishihara/authentic_krzywinski/crops/authentic_krzywinski__p010__b00.png,authentic_krzywinski,yes,discrete,problematic,problematic_discrete,yes,10.38,Ishihara / colour-vision plate: hidden figure collapses in grayscale (structure 10.4 < 15.0).
authentic_krzywinski__p011__b00,Ishihara/authentic_krzywinski/crops/authentic_krzywinski__p011__b00.png,authentic_krzywinski,yes,discrete,problematic,problematic_discrete,yes,10.08,Ishihara / colour-vision plate: hidden figure collapses in grayscale (structure 10.1 < 15.0).
authentic_krzywinski__p012__b00,Ishihara/authentic_krzywinski/crops/authentic_krzywinski__p012__b00.png,authentic_krzywinski,yes,discrete,problematic,problematic_discrete,yes,10.78,Ishihara / colour-vision plate: hidden figure collapses in grayscale (structure 10.8 < 15.0).
authentic_krzywinski__p013__b00,Ishihara/authentic_krzywinski/crops/authentic_krzywinski__p013__b00.png,authentic_krzywinski,yes,discrete,problematic,problematic_discrete,yes,11.08,Ishihara / colour-vision plate: hidden figure collapses in grayscale (structure 11.1 < 15.0).
authentic_krzywinski__p014__b00,Ishihara/authentic_krzywinski/crops/authentic_krzywinski__p014__b00.png,authentic_krzywinski,yes,discrete,problematic,problematic_discrete,yes,10.19,Ishihara / colour-vision plate: hidden figure collapses in grayscale (structure 10.2 < 15.0).
authentic_krzywinski__p015__b00,Ishihara/authentic_krzywinski/crops/authentic_krzywinski__p015__b00.png,authentic_krzywinski,yes,discrete,problematic,problematic_discrete,yes,10.77,Ishihara / colour-vision plate: hidden figure collapses in grayscale (structure 10.8 < 15.0).
authentic_krzywinski__p016__b00,Ishihara/authentic_krzywinski/crops/authentic_krzywinski__p016__b00.png,authentic_krzywinski,yes,discrete,problematic,problematic_discrete,yes,11.28,Ishihara / colour-vision plate: hidden figure collapses in grayscale (structure 11.3 < 15.0).
authentic_krzywinski__p017__b00,Ishihara/authentic_krzywinski/crops/authentic_krzywinski__p017__b00.png,authentic_krzywinski,yes,discrete,problematic,problematic_discrete,yes,11.52,Ishihara / colour-vision plate: hidden figure collapses in grayscale (structure 11.5 < 15.0).
authentic_krzywinski__p018__b00,Ishihara/authentic_krzywinski/crops/authentic_krzywinski__p018__b00.png,authentic_krzywinski,yes,discrete,problematic,problematic_discrete,yes,8.91,Ishihara / colour-vision plate: hidden figure collapses in grayscale (structure 8.9 < 15.0).
authentic_krzywinski__p019__b00,Ishihara/authentic_krzywinski/crops/authentic_krzywinski__p019__b00.png,authentic_krzywinski,yes,discrete,problematic,problematic_discrete,yes,9.48,Ishihara / colour-vision plate: hidden figure collapses in grayscale (structure 9.5 < 15.0).
authentic_krzywinski__p020__b00,Ishihara/authentic_krzywinski/crops/authentic_krzywinski__p020__b00.png,authentic_krzywinski,yes,discrete,problematic,problematic_discrete,yes,8.5,Ishihara / colour-vision plate: hidden figure collapses in grayscale (structure 8.5 < 15.0).
authentic_krzywinski__p021__b00,Ishihara/authentic_krzywinski/crops/authentic_krzywinski__p021__b00.png,authentic_krzywinski,yes,discrete,problematic,problematic_discrete,yes,8.53,Ishihara / colour-vision plate: hidden figure collapses in grayscale (structure 8.5 < 15.0).
authentic_krzywinski__p022__b00,Ishihara/authentic_krzywinski/crops/authentic_krzywinski__p022__b00.png,authentic_krzywinski,yes,discrete,problematic,problematic_discrete,yes,13.55,Ishihara / colour-vision plate: hidden figure collapses in grayscale (structure 13.6 < 15.0).
authentic_krzywinski__p023__b00,Ishihara/authentic_krzywinski/crops/authentic_krzywinski__p023__b00.png,authentic_krzywinski,yes,discrete,problematic,problematic_discrete,yes,14.42,Ishihara / colour-vision plate: hidden figure collapses in grayscale (structure 14.4 < 15.0).
authentic_krzywinski__p024__b00,Ishihara/authentic_krzywinski/crops/authentic_krzywinski__p024__b00.png,authentic_krzywinski,yes,discrete,problematic,problematic_discrete,yes,15.0,Ishihara / colour-vision plate: hidden figure collapses in grayscale (structure 15.0 < 15.0).
authentic_krzywinski__p025__b00,Ishihara/authentic_krzywinski/crops/authentic_krzywinski__p025__b00.png,authentic_krzywinski,yes,discrete,accessible,accessible_discrete,yes,15.3,Ishihara / colour-vision plate: hidden figure legible in grayscale (structure 15.3 >= 15.0).
authentic_krzywinski__p026__b00,Ishihara/authentic_krzywinski/crops/authentic_krzywinski__p026__b00.png,authentic_krzywinski,yes,discrete,problematic,problematic_discrete,yes,13.82,Ishihara / colour-vision plate: hidden figure collapses in grayscale (structure 13.8 < 15.0).
authentic_krzywinski__p027__b00,Ishihara/authentic_krzywinski/crops/authentic_krzywinski__p027__b00.png,authentic_krzywinski,yes,discrete,problematic,problematic_discrete,yes,14.68,Ishihara / colour-vision plate: hidden figure collapses in grayscale (structure 14.7 < 15.0).
authentic_krzywinski__p028__b00,Ishihara/authentic_krzywinski/crops/authentic_krzywinski__p028__b00.png,authentic_krzywinski,yes,discrete,problematic,problematic_discrete,yes,9.06,Ishihara / colour-vision plate: hidden figure collapses in grayscale (structure 9.1 < 15.0).
authentic_krzywinski__p029__b00,Ishihara/authentic_krzywinski/crops/authentic_krzywinski__p029__b00.png,authentic_krzywinski,yes,discrete,problematic,problematic_discrete,yes,9.56,Ishihara / colour-vision plate: hidden figure collapses in grayscale (structure 9.6 < 15.0).
authentic_krzywinski__p030__b00,Ishihara/authentic_krzywinski/crops/authentic_krzywinski__p030__b00.png,authentic_krzywinski,yes,discrete,problematic,problematic_discrete,yes,9.86,Ishihara / colour-vision plate: hidden figure collapses in grayscale (structure 9.9 < 15.0).
authentic_krzywinski__p031__b00,Ishihara/authentic_krzywinski/crops/authentic_krzywinski__p031__b00.png,authentic_krzywinski,yes,discrete,problematic,problematic_discrete,yes,9.7,Ishihara / colour-vision plate: hidden figure collapses in grayscale (structure 9.7 < 15.0).
authentic_krzywinski__p032__b00,Ishihara/authentic_krzywinski/crops/authentic_krzywinski__p032__b00.png,authentic_krzywinski,yes,discrete,problematic,problematic_discrete,yes,10.24,Ishihara / colour-vision plate: hidden figure collapses in grayscale (structure 10.2 < 15.0).
authentic_krzywinski__p033__b00,Ishihara/authentic_krzywinski/crops/authentic_krzywinski__p033__b00.png,authentic_krzywinski,yes,discrete,problematic,problematic_discrete,yes,9.37,Ishihara / colour-vision plate: hidden figure collapses in grayscale (structure 9.4 < 15.0).
authentic_krzywinski__p034__b00,Ishihara/authentic_krzywinski/crops/authentic_krzywinski__p034__b00.png,authentic_krzywinski,yes,discrete,problematic,problematic_discrete,yes,10.37,Ishihara / colour-vision plate: hidden figure collapses in grayscale (structure 10.4 < 15.0).
authentic_krzywinski__p035__b00,Ishihara/authentic_krzywinski/crops/authentic_krzywinski__p035__b00.png,authentic_krzywinski,yes,discrete,problematic,problematic_discrete,yes,9.93,Ishihara / colour-vision plate: hidden figure collapses in grayscale (structure 9.9 < 15.0).
authentic_krzywinski__p036__b00,Ishihara/authentic_krzywinski/crops/authentic_krzywinski__p036__b00.png,authentic_krzywinski,yes,discrete,problematic,problematic_discrete,yes,10.59,Ishihara / colour-vision plate: hidden figure collapses in grayscale (structure 10.6 < 15.0).
authentic_krzywinski__p037__b00,Ishihara/authentic_krzywinski/crops/authentic_krzywinski__p037__b00.png,authentic_krzywinski,yes,discrete,problematic,problematic_discrete,yes,11.47,Ishihara / colour-vision plate: hidden figure collapses in grayscale (structure 11.5 < 15.0).
authentic_krzywinski__p038__b00,Ishihara/authentic_krzywinski/crops/authentic_krzywinski__p038__b00.png,authentic_krzywinski,yes,discrete,problematic,problematic_discrete,yes,9.6,Ishihara / colour-vision plate: hidden figure collapses in grayscale (structure 9.6 < 15.0).
huemanity__p001__b00,Ishihara/huemanity/crops/huemanity__p001__b00.png,huemanity,yes,discrete,accessible,accessible_discrete,yes,17.89,Ishihara / colour-vision plate: hidden figure legible in grayscale (structure 17.9 >= 15.0).
huemanity__p002__b00,Ishihara/huemanity/crops/huemanity__p002__b00.png,huemanity,yes,discrete,accessible,accessible_discrete,yes,17.33,Ishihara / colour-vision plate: hidden figure legible in grayscale (structure 17.3 >= 15.0).
huemanity__p003__b00,Ishihara/huemanity/crops/huemanity__p003__b00.png,huemanity,yes,discrete,problematic,problematic_discrete,yes,12.99,Ishihara / colour-vision plate: hidden figure collapses in grayscale (structure 13.0 < 15.0).
huemanity__p004__b00,Ishihara/huemanity/crops/huemanity__p004__b00.png,huemanity,yes,discrete,accessible,accessible_discrete,yes,16.07,Ishihara / colour-vision plate: hidden figure legible in grayscale (structure 16.1 >= 15.0).
huemanity__p005__b00,Ishihara/huemanity/crops/huemanity__p005__b00.png,huemanity,yes,discrete,problematic,problematic_discrete,yes,13.89,Ishihara / colour-vision plate: hidden figure collapses in grayscale (structure 13.9 < 15.0).
huemanity__p006__b00,Ishihara/huemanity/crops/huemanity__p006__b00.png,huemanity,yes,discrete,problematic,problematic_discrete,yes,14.49,Ishihara / colour-vision plate: hidden figure collapses in grayscale (structure 14.5 < 15.0).
huemanity__p007__b00,Ishihara/huemanity/crops/huemanity__p007__b00.png,huemanity,yes,discrete,accessible,accessible_discrete,yes,20.97,Ishihara / colour-vision plate: hidden figure legible in grayscale (structure 21.0 >= 15.0).
huemanity__p008__b00,Ishihara/huemanity/crops/huemanity__p008__b00.png,huemanity,yes,discrete,problematic,problematic_discrete,yes,13.75,Ishihara / colour-vision plate: hidden figure collapses in grayscale (structure 13.7 < 15.0).
huemanity__p009__b00,Ishihara/huemanity/crops/huemanity__p009__b00.png,huemanity,yes,discrete,accessible,accessible_discrete,yes,15.7,Ishihara / colour-vision plate: hidden figure legible in grayscale (structure 15.7 >= 15.0).
huemanity__p010__b00,Ishihara/huemanity/crops/huemanity__p010__b00.png,huemanity,yes,discrete,problematic,problematic_discrete,yes,13.26,Ishihara / colour-vision plate: hidden figure collapses in grayscale (structure 13.3 < 15.0).
huemanity__p011__b00,Ishihara/huemanity/crops/huemanity__p011__b00.png,huemanity,yes,discrete,accessible,accessible_discrete,yes,24.0,Ishihara / colour-vision plate: hidden figure legible in grayscale (structure 24.0 >= 15.0).
huemanity__p012__b00,Ishihara/huemanity/crops/huemanity__p012__b00.png,huemanity,yes,discrete,accessible,accessible_discrete,yes,15.74,Ishihara / colour-vision plate: hidden figure legible in grayscale (structure 15.7 >= 15.0).
huemanity__p013__b00,Ishihara/huemanity/crops/huemanity__p013__b00.png,huemanity,yes,discrete,problematic,problematic_discrete,yes,14.22,Ishihara / colour-vision plate: hidden figure collapses in grayscale (structure 14.2 < 15.0).
huemanity__p014__b00,Ishihara/huemanity/crops/huemanity__p014__b00.png,huemanity,yes,discrete,problematic,problematic_discrete,yes,14.81,Ishihara / colour-vision plate: hidden figure collapses in grayscale (structure 14.8 < 15.0).
huemanity__p015__b00,Ishihara/huemanity/crops/huemanity__p015__b00.png,huemanity,yes,discrete,accessible,accessible_discrete,yes,15.24,Ishihara / colour-vision plate: hidden figure legible in grayscale (structure 15.2 >= 15.0).
huemanity__p016__b00,Ishihara/huemanity/crops/huemanity__p016__b00.png,huemanity,yes,discrete,problematic,problematic_discrete,yes,14.35,Ishihara / colour-vision plate: hidden figure collapses in grayscale (structure 14.4 < 15.0).
huemanity__p017__b00,Ishihara/huemanity/crops/huemanity__p017__b00.png,huemanity,yes,discrete,problematic,problematic_discrete,yes,12.27,Ishihara / colour-vision plate: hidden figure collapses in grayscale (structure 12.3 < 15.0).
huemanity__p018__b00,Ishihara/huemanity/crops/huemanity__p018__b00.png,huemanity,yes,discrete,accessible,accessible_discrete,yes,22.33,Ishihara / colour-vision plate: hidden figure legible in grayscale (structure 22.3 >= 15.0).
huemanity__p019__b00,Ishihara/huemanity/crops/huemanity__p019__b00.png,huemanity,yes,discrete,accessible,accessible_discrete,yes,18.81,Ishihara / colour-vision plate: hidden figure legible in grayscale (structure 18.8 >= 15.0).
huemanity__p020__b00,Ishihara/huemanity/crops/huemanity__p020__b00.png,huemanity,yes,discrete,accessible,accessible_discrete,yes,16.11,Ishihara / colour-vision plate: hidden figure legible in grayscale (structure 16.1 >= 15.0).
huemanity__p021__b00,Ishihara/huemanity/crops/huemanity__p021__b00.png,huemanity,yes,discrete,problematic,problematic_discrete,yes,13.0,Ishihara / colour-vision plate: hidden figure collapses in grayscale (structure 13.0 < 15.0).
huemanity__p022__b00,Ishihara/huemanity/crops/huemanity__p022__b00.png,huemanity,yes,discrete,problematic,problematic_discrete,yes,14.16,Ishihara / colour-vision plate: hidden figure collapses in grayscale (structure 14.2 < 15.0).
huemanity__p023__b00,Ishihara/huemanity/crops/huemanity__p023__b00.png,huemanity,yes,discrete,problematic,problematic_discrete,yes,14.52,Ishihara / colour-vision plate: hidden figure collapses in grayscale (structure 14.5 < 15.0).
huemanity__p024__b00,Ishihara/huemanity/crops/huemanity__p024__b00.png,huemanity,yes,discrete,accessible,accessible_discrete,yes,15.42,Ishihara / colour-vision plate: hidden figure legible in grayscale (structure 15.4 >= 15.0).
huemanity__p025__b00,Ishihara/huemanity/crops/huemanity__p025__b00.png,huemanity,yes,discrete,accessible,accessible_discrete,yes,17.82,Ishihara / colour-vision plate: hidden figure legible in grayscale (structure 17.8 >= 15.0).
huemanity__p026__b00,Ishihara/huemanity/crops/huemanity__p026__b00.png,huemanity,yes,discrete,accessible,accessible_discrete,yes,16.32,Ishihara / colour-vision plate: hidden figure legible in grayscale (structure 16.3 >= 15.0).
huemanity__p027__b00,Ishihara/huemanity/crops/huemanity__p027__b00.png,huemanity,yes,discrete,accessible,accessible_discrete,yes,16.02,Ishihara / colour-vision plate: hidden figure legible in grayscale (structure 16.0 >= 15.0).
huemanity__p028__b00,Ishihara/huemanity/crops/huemanity__p028__b00.png,huemanity,yes,discrete,problematic,problematic_discrete,yes,12.27,Ishihara / colour-vision plate: hidden figure collapses in grayscale (structure 12.3 < 15.0).
huemanity__p029__b00,Ishihara/huemanity/crops/huemanity__p029__b00.png,huemanity,yes,discrete,problematic,problematic_discrete,yes,13.83,Ishihara / colour-vision plate: hidden figure collapses in grayscale (structure 13.8 < 15.0).
huemanity__p030__b00,Ishihara/huemanity/crops/huemanity__p030__b00.png,huemanity,yes,discrete,problematic,problematic_discrete,yes,13.02,Ishihara / colour-vision plate: hidden figure collapses in grayscale (structure 13.0 < 15.0).
huemanity__p031__b00,Ishihara/huemanity/crops/huemanity__p031__b00.png,huemanity,yes,discrete,accessible,accessible_discrete,yes,15.74,Ishihara / colour-vision plate: hidden figure legible in grayscale (structure 15.7 >= 15.0).
huemanity__p032__b00,Ishihara/huemanity/crops/huemanity__p032__b00.png,huemanity,yes,discrete,accessible,accessible_discrete,yes,15.74,Ishihara / colour-vision plate: hidden figure legible in grayscale (structure 15.7 >= 15.0).
huemanity__p033__b00,Ishihara/huemanity/crops/huemanity__p033__b00.png,huemanity,yes,discrete,accessible,accessible_discrete,yes,15.34,Ishihara / colour-vision plate: hidden figure legible in grayscale (structure 15.3 >= 15.0).
huemanity__p034__b00,Ishihara/huemanity/crops/huemanity__p034__b00.png,huemanity,yes,discrete,accessible,accessible_discrete,yes,15.93,Ishihara / colour-vision plate: hidden figure legible in grayscale (structure 15.9 >= 15.0).
huemanity__p035__b00,Ishihara/huemanity/crops/huemanity__p035__b00.png,huemanity,yes,discrete,accessible,accessible_discrete,yes,15.09,Ishihara / colour-vision plate: hidden figure legible in grayscale (structure 15.1 >= 15.0).
huemanity__p036__b00,Ishihara/huemanity/crops/huemanity__p036__b00.png,huemanity,yes,discrete,problematic,problematic_discrete,yes,13.82,Ishihara / colour-vision plate: hidden figure collapses in grayscale (structure 13.8 < 15.0).
huemanity__p037__b00,Ishihara/huemanity/crops/huemanity__p037__b00.png,huemanity,yes,discrete,accessible,accessible_discrete,yes,15.97,Ishihara / colour-vision plate: hidden figure legible in grayscale (structure 16.0 >= 15.0).
huemanity__p038__b00,Ishihara/huemanity/crops/huemanity__p038__b00.png,huemanity,yes,discrete,accessible,accessible_discrete,yes,15.86,Ishihara / colour-vision plate: hidden figure legible in grayscale (structure 15.9 >= 15.0).
huemanity__p039__b00,Ishihara/huemanity/crops/huemanity__p039__b00.png,huemanity,yes,discrete,problematic,problematic_discrete,yes,14.57,Ishihara / colour-vision plate: hidden figure collapses in grayscale (structure 14.6 < 15.0).
huemanity__p040__b00,Ishihara/huemanity/crops/huemanity__p040__b00.png,huemanity,yes,discrete,accessible,accessible_discrete,yes,16.93,Ishihara / colour-vision plate: hidden figure legible in grayscale (structure 16.9 >= 15.0).
huemanity__p041__b00,Ishihara/huemanity/crops/huemanity__p041__b00.png,huemanity,yes,discrete,accessible,accessible_discrete,yes,15.86,Ishihara / colour-vision plate: hidden figure legible in grayscale (structure 15.9 >= 15.0).
huemanity__p042__b00,Ishihara/huemanity/crops/huemanity__p042__b00.png,huemanity,yes,discrete,accessible,accessible_discrete,yes,15.02,Ishihara / colour-vision plate: hidden figure legible in grayscale (structure 15.0 >= 15.0).
huemanity__p043__b00,Ishihara/huemanity/crops/huemanity__p043__b00.png,huemanity,yes,discrete,problematic,problematic_discrete,yes,14.95,Ishihara / colour-vision plate: hidden figure collapses in grayscale (structure 15.0 < 15.0).
huemanity__p044__b00,Ishihara/huemanity/crops/huemanity__p044__b00.png,huemanity,yes,discrete,problematic,problematic_discrete,yes,13.54,Ishihara / colour-vision plate: hidden figure collapses in grayscale (structure 13.5 < 15.0).
huemanity__p045__b00,Ishihara/huemanity/crops/huemanity__p045__b00.png,huemanity,yes,discrete,accessible,accessible_discrete,yes,17.38,Ishihara / colour-vision plate: hidden figure legible in grayscale (structure 17.4 >= 15.0).
huemanity__p046__b00,Ishihara/huemanity/crops/huemanity__p046__b00.png,huemanity,yes,discrete,problematic,problematic_discrete,yes,14.68,Ishihara / colour-vision plate: hidden figure collapses in grayscale (structure 14.7 < 15.0).
huemanity__p047__b00,Ishihara/huemanity/crops/huemanity__p047__b00.png,huemanity,yes,discrete,accessible,accessible_discrete,yes,17.32,Ishihara / colour-vision plate: hidden figure legible in grayscale (structure 17.3 >= 15.0).
huemanity__p048__b00,Ishihara/huemanity/crops/huemanity__p048__b00.png,huemanity,yes,discrete,accessible,accessible_discrete,yes,15.68,Ishihara / colour-vision plate: hidden figure legible in grayscale (structure 15.7 >= 15.0).
huemanity__p049__b00,Ishihara/huemanity/crops/huemanity__p049__b00.png,huemanity,yes,discrete,accessible,accessible_discrete,yes,15.69,Ishihara / colour-vision plate: hidden figure legible in grayscale (structure 15.7 >= 15.0).
huemanity__p050__b00,Ishihara/huemanity/crops/huemanity__p050__b00.png,huemanity,yes,discrete,accessible,accessible_discrete,yes,15.59,Ishihara / colour-vision plate: hidden figure legible in grayscale (structure 15.6 >= 15.0).
huemanity__p051__b00,Ishihara/huemanity/crops/huemanity__p051__b00.png,huemanity,yes,discrete,problematic,problematic_discrete,yes,14.23,Ishihara / colour-vision plate: hidden figure collapses in grayscale (structure 14.2 < 15.0).
huemanity__p052__b00,Ishihara/huemanity/crops/huemanity__p052__b00.png,huemanity,yes,discrete,problematic,problematic_discrete,yes,13.14,Ishihara / colour-vision plate: hidden figure collapses in grayscale (structure 13.1 < 15.0).
huemanity__p053__b00,Ishihara/huemanity/crops/huemanity__p053__b00.png,huemanity,yes,discrete,problematic,problematic_discrete,yes,13.35,Ishihara / colour-vision plate: hidden figure collapses in grayscale (structure 13.3 < 15.0).
huemanity__p054__b00,Ishihara/huemanity/crops/huemanity__p054__b00.png,huemanity,yes,discrete,problematic,problematic_discrete,yes,14.93,Ishihara / colour-vision plate: hidden figure collapses in grayscale (structure 14.9 < 15.0).
huemanity__p055__b00,Ishihara/huemanity/crops/huemanity__p055__b00.png,huemanity,yes,discrete,accessible,accessible_discrete,yes,15.42,Ishihara / colour-vision plate: hidden figure legible in grayscale (structure 15.4 >= 15.0).
huemanity__p056__b00,Ishihara/huemanity/crops/huemanity__p056__b00.png,huemanity,yes,discrete,accessible,accessible_discrete,yes,16.87,Ishihara / colour-vision plate: hidden figure legible in grayscale (structure 16.9 >= 15.0).
huemanity__p057__b00,Ishihara/huemanity/crops/huemanity__p057__b00.png,huemanity,yes,discrete,accessible,accessible_discrete,yes,17.6,Ishihara / colour-vision plate: hidden figure legible in grayscale (structure 17.6 >= 15.0).
huemanity__p058__b00,Ishihara/huemanity/crops/huemanity__p058__b00.png,huemanity,yes,discrete,problematic,problematic_discrete,yes,13.62,Ishihara / colour-vision plate: hidden figure collapses in grayscale (structure 13.6 < 15.0).
huemanity__p059__b00,Ishihara/huemanity/crops/huemanity__p059__b00.png,huemanity,yes,discrete,accessible,accessible_discrete,yes,15.88,Ishihara / colour-vision plate: hidden figure legible in grayscale (structure 15.9 >= 15.0).
huemanity__p060__b00,Ishihara/huemanity/crops/huemanity__p060__b00.png,huemanity,yes,discrete,problematic,problematic_discrete,yes,14.68,Ishihara / colour-vision plate: hidden figure collapses in grayscale (structure 14.7 < 15.0).
huemanity__p061__b00,Ishihara/huemanity/crops/huemanity__p061__b00.png,huemanity,yes,discrete,accessible,accessible_discrete,yes,15.33,Ishihara / colour-vision plate: hidden figure legible in grayscale (structure 15.3 >= 15.0).
huemanity__p062__b00,Ishihara/huemanity/crops/huemanity__p062__b00.png,huemanity,yes,discrete,problematic,problematic_discrete,yes,13.17,Ishihara / colour-vision plate: hidden figure collapses in grayscale (structure 13.2 < 15.0).
huemanity__p063__b00,Ishihara/huemanity/crops/huemanity__p063__b00.png,huemanity,yes,discrete,accessible,accessible_discrete,yes,16.99,Ishihara / colour-vision plate: hidden figure legible in grayscale (structure 17.0 >= 15.0).
huemanity__p064__b00,Ishihara/huemanity/crops/huemanity__p064__b00.png,huemanity,yes,discrete,accessible,accessible_discrete,yes,15.65,Ishihara / colour-vision plate: hidden figure legible in grayscale (structure 15.7 >= 15.0).
huemanity__p065__b00,Ishihara/huemanity/crops/huemanity__p065__b00.png,huemanity,yes,discrete,problematic,problematic_discrete,yes,13.94,Ishihara / colour-vision plate: hidden figure collapses in grayscale (structure 13.9 < 15.0).
huemanity__p066__b00,Ishihara/huemanity/crops/huemanity__p066__b00.png,huemanity,yes,discrete,accessible,accessible_discrete,yes,18.72,Ishihara / colour-vision plate: hidden figure legible in grayscale (structure 18.7 >= 15.0).
huemanity__p067__b00,Ishihara/huemanity/crops/huemanity__p067__b00.png,huemanity,yes,discrete,problematic,problematic_discrete,yes,13.05,Ishihara / colour-vision plate: hidden figure collapses in grayscale (structure 13.0 < 15.0).
huemanity__p068__b00,Ishihara/huemanity/crops/huemanity__p068__b00.png,huemanity,yes,discrete,problematic,problematic_discrete,yes,13.61,Ishihara / colour-vision plate: hidden figure collapses in grayscale (structure 13.6 < 15.0).
huemanity__p069__b00,Ishihara/huemanity/crops/huemanity__p069__b00.png,huemanity,yes,discrete,accessible,accessible_discrete,yes,16.27,Ishihara / colour-vision plate: hidden figure legible in grayscale (structure 16.3 >= 15.0).
huemanity__p070__b00,Ishihara/huemanity/crops/huemanity__p070__b00.png,huemanity,yes,discrete,accessible,accessible_discrete,yes,16.08,Ishihara / colour-vision plate: hidden figure legible in grayscale (structure 16.1 >= 15.0).
huemanity__p071__b00,Ishihara/huemanity/crops/huemanity__p071__b00.png,huemanity,yes,discrete,problematic,problematic_discrete,yes,13.41,Ishihara / colour-vision plate: hidden figure collapses in grayscale (structure 13.4 < 15.0).
huemanity__p072__b00,Ishihara/huemanity/crops/huemanity__p072__b00.png,huemanity,yes,discrete,accessible,accessible_discrete,yes,16.26,Ishihara / colour-vision plate: hidden figure legible in grayscale (structure 16.3 >= 15.0).
huemanity__p073__b00,Ishihara/huemanity/crops/huemanity__p073__b00.png,huemanity,yes,discrete,problematic,problematic_discrete,yes,14.36,Ishihara / colour-vision plate: hidden figure collapses in grayscale (structure 14.4 < 15.0).
huemanity__p074__b00,Ishihara/huemanity/crops/huemanity__p074__b00.png,huemanity,yes,discrete,accessible,accessible_discrete,yes,16.44,Ishihara / colour-vision plate: hidden figure legible in grayscale (structure 16.4 >= 15.0).
huemanity__p075__b00,Ishihara/huemanity/crops/huemanity__p075__b00.png,huemanity,yes,discrete,accessible,accessible_discrete,yes,15.24,Ishihara / colour-vision plate: hidden figure legible in grayscale (structure 15.2 >= 15.0).
huemanity__p076__b00,Ishihara/huemanity/crops/huemanity__p076__b00.png,huemanity,yes,discrete,problematic,problematic_discrete,yes,14.29,Ishihara / colour-vision plate: hidden figure collapses in grayscale (structure 14.3 < 15.0).
huemanity__p077__b00,Ishihara/huemanity/crops/huemanity__p077__b00.png,huemanity,yes,discrete,accessible,accessible_discrete,yes,16.0,Ishihara / colour-vision plate: hidden figure legible in grayscale (structure 16.0 >= 15.0).
huemanity__p078__b00,Ishihara/huemanity/crops/huemanity__p078__b00.png,huemanity,yes,discrete,accessible,accessible_discrete,yes,23.43,Ishihara / colour-vision plate: hidden figure legible in grayscale (structure 23.4 >= 15.0).
huemanity__p079__b00,Ishihara/huemanity/crops/huemanity__p079__b00.png,huemanity,yes,discrete,accessible,accessible_discrete,yes,16.21,Ishihara / colour-vision plate: hidden figure legible in grayscale (structure 16.2 >= 15.0).
huemanity__p080__b00,Ishihara/huemanity/crops/huemanity__p080__b00.png,huemanity,yes,discrete,accessible,accessible_discrete,yes,17.12,Ishihara / colour-vision plate: hidden figure legible in grayscale (structure 17.1 >= 15.0).
huemanity__p081__b00,Ishihara/huemanity/crops/huemanity__p081__b00.png,huemanity,yes,discrete,accessible,accessible_discrete,yes,16.1,Ishihara / colour-vision plate: hidden figure legible in grayscale (structure 16.1 >= 15.0).
huemanity__p082__b00,Ishihara/huemanity/crops/huemanity__p082__b00.png,huemanity,yes,discrete,accessible,accessible_discrete,yes,16.28,Ishihara / colour-vision plate: hidden figure legible in grayscale (structure 16.3 >= 15.0).
huemanity__p083__b00,Ishihara/huemanity/crops/huemanity__p083__b00.png,huemanity,yes,discrete,accessible,accessible_discrete,yes,15.74,Ishihara / colour-vision plate: hidden figure legible in grayscale (structure 15.7 >= 15.0).
huemanity__p084__b00,Ishihara/huemanity/crops/huemanity__p084__b00.png,huemanity,yes,discrete,accessible,accessible_discrete,yes,18.48,Ishihara / colour-vision plate: hidden figure legible in grayscale (structure 18.5 >= 15.0).
huemanity__p085__b00,Ishihara/huemanity/crops/huemanity__p085__b00.png,huemanity,yes,discrete,accessible,accessible_discrete,yes,15.3,Ishihara / colour-vision plate: hidden figure legible in grayscale (structure 15.3 >= 15.0).
huemanity__p086__b00,Ishihara/huemanity/crops/huemanity__p086__b00.png,huemanity,yes,discrete,accessible,accessible_discrete,yes,20.21,Ishihara / colour-vision plate: hidden figure legible in grayscale (structure 20.2 >= 15.0).
huemanity__p087__b00,Ishihara/huemanity/crops/huemanity__p087__b00.png,huemanity,yes,discrete,problematic,problematic_discrete,yes,14.27,Ishihara / colour-vision plate: hidden figure collapses in grayscale (structure 14.3 < 15.0).
huemanity__p088__b00,Ishihara/huemanity/crops/huemanity__p088__b00.png,huemanity,yes,discrete,accessible,accessible_discrete,yes,23.52,Ishihara / colour-vision plate: hidden figure legible in grayscale (structure 23.5 >= 15.0).
huemanity__p089__b00,Ishihara/huemanity/crops/huemanity__p089__b00.png,huemanity,yes,discrete,accessible,accessible_discrete,yes,17.47,Ishihara / colour-vision plate: hidden figure legible in grayscale (structure 17.5 >= 15.0).
huemanity__p090__b00,Ishihara/huemanity/crops/huemanity__p090__b00.png,huemanity,yes,discrete,problematic,problematic_discrete,yes,14.35,Ishihara / colour-vision plate: hidden figure collapses in grayscale (structure 14.3 < 15.0).
huemanity__p091__b00,Ishihara/huemanity/crops/huemanity__p091__b00.png,huemanity,yes,discrete,accessible,accessible_discrete,yes,21.93,Ishihara / colour-vision plate: hidden figure legible in grayscale (structure 21.9 >= 15.0).
huemanity__p092__b00,Ishihara/huemanity/crops/huemanity__p092__b00.png,huemanity,yes,discrete,accessible,accessible_discrete,yes,18.06,Ishihara / colour-vision plate: hidden figure legible in grayscale (structure 18.1 >= 15.0).
huemanity__p093__b00,Ishihara/huemanity/crops/huemanity__p093__b00.png,huemanity,yes,discrete,accessible,accessible_discrete,yes,15.4,Ishihara / colour-vision plate: hidden figure legible in grayscale (structure 15.4 >= 15.0).
huemanity__p094__b00,Ishihara/huemanity/crops/huemanity__p094__b00.png,huemanity,yes,discrete,problematic,problematic_discrete,yes,12.79,Ishihara / colour-vision plate: hidden figure collapses in grayscale (structure 12.8 < 15.0).
huemanity__p095__b00,Ishihara/huemanity/crops/huemanity__p095__b00.png,huemanity,yes,discrete,accessible,accessible_discrete,yes,15.14,Ishihara / colour-vision plate: hidden figure legible in grayscale (structure 15.1 >= 15.0).
huemanity__p096__b00,Ishihara/huemanity/crops/huemanity__p096__b00.png,huemanity,yes,unknown,,,no,,
huemanity__p097__b00,Ishihara/huemanity/crops/huemanity__p097__b00.png,huemanity,yes,discrete,accessible,accessible_discrete,yes,15.35,Ishihara / colour-vision plate: hidden figure legible in grayscale (structure 15.4 >= 15.0).
huemanity__p098__b00,Ishihara/huemanity/crops/huemanity__p098__b00.png,huemanity,yes,discrete,problematic,problematic_discrete,yes,14.14,Ishihara / colour-vision plate: hidden figure collapses in grayscale (structure 14.1 < 15.0).
huemanity__p099__b00,Ishihara/huemanity/crops/huemanity__p099__b00.png,huemanity,yes,discrete,problematic,problematic_discrete,yes,13.65,Ishihara / colour-vision plate: hidden figure collapses in grayscale (structure 13.7 < 15.0).
huemanity__p100__b00,Ishihara/huemanity/crops/huemanity__p100__b00.png,huemanity,yes,discrete,accessible,accessible_discrete,yes,15.09,Ishihara / colour-vision plate: hidden figure legible in grayscale (structure 15.1 >= 15.0).
