atomic_id,source_group,expected
authentic_krzywinski__p001__b00,authentic_krzywinski,problematic (isoluminant CVD test)
authentic_krzywinski__p002__b00,authentic_krzywinski,problematic (isoluminant CVD test)
authentic_krzywinski__p003__b00,authentic_krzywinski,problematic (isoluminant CVD test)
authentic_krzywinski__p004__b00,authentic_krzywinski,problematic (isoluminant CVD test)
authentic_krzywinski__p005__b00,authentic_krzywinski,problematic (isoluminant CVD test)
authentic_krzywinski__p006__b00,authentic_krzywinski,problematic (isoluminant CVD test)
authentic_krzywinski__p007__b00,authentic_krzywinski,problematic (isoluminant CVD test)
authentic_krzywinski__p008__b00,authentic_krzywinski,problematic (isoluminant CVD test)
authentic_krzywinski__p009__b00,authentic_krzywinski,problematic (isoluminant CVD test)
authentic_krzywinski__p010__b00,authentic_krzywinski,problematic (isoluminant CVD test)
authentic_krzywinski__p011__b00,authentic_krzywinski,problematic (isoluminant CVD test)
authentic_krzywinski__p012__b00,authentic_krzywinski,problematic (isoluminant CVD test)
authentic_krzywinski__p013__b00,authentic_krzywinski,problematic (isoluminant CVD test)
authentic_krzywinski__p014__b00,authentic_krzywinski,problematic (isoluminant CVD test)
authentic_krzywinski__p015__b00,authentic_krzywinski,problematic (isoluminant CVD test)
authentic_krzywinski__p016__b00,authentic_krzywinski,problematic (isoluminant CVD test)
authentic_krzywinski__p017__b00,authentic_krzywinski,problematic (isoluminant CVD test)
authentic_krzywinski__p018__b00,authentic_krzywinski,problematic (isoluminant CVD test)
authentic_krzywinski__p019__b00,authentic_krzywinski,problematic (isoluminant CVD test)
authentic_krzywinski__p020__b00,authentic_krzywinski,problematic (isoluminant CVD test)
authentic_krzywinski__p021__b00,authentic_krzywinski,problematic (isoluminant CVD test)
authentic_krzywinski__p022__b00,authentic_krzywinski,problematic (isoluminant CVD test)
authentic_krzywinski__p023__b00,authentic_krzywinski,problematic (isoluminant CVD test)
authentic_krzywinski__p024__b00,authentic_krzywinski,problematic (isoluminant CVD test)
authentic_krzywinski__p025__b00,authentic_krzywinski,problematic (isoluminant CVD test)
authentic_krzywinski__p026__b00,authentic_krzywinski,problematic (isoluminant CVD test)
authentic_krzywinski__p027__b00,authentic_krzywinski,problematic (isoluminant CVD test)
authentic_krzywinski__p028__b00,authentic_krzywinski,problematic (isoluminant CVD test)
authentic_krzywinski__p029__b00,authentic_krzywinski,problematic (isoluminant CVD test)
authentic_krzywinski__p030__b00,authentic_krzywinski,problematic (isoluminant CVD test)
authentic_krzywinski__p031__b00,authentic_krzywinski,problematic (isoluminant CVD test)
authentic_krzywinski__p032__b00,authentic_krzywinski,problematic (isoluminant CVD test)
authentic_krzywinski__p033__b00,authentic_krzywinski,problematic (isoluminant CVD test)
authentic_krzywinski__p034__b00,authentic_krzywinski,problematic (isoluminant CVD test)
authentic_krzywinski__p035__b00,authentic_krzywinski,problematic (isoluminant CVD test)
authentic_krzywinski__p036__b00,authentic_krzywinski,problematic (isoluminant CVD test)
authentic_krzywinski__p037__b00,authentic_krzywinski,problematic (isoluminant CVD test)
authentic_krzywinski__p038__b00,authentic_krzywinski,problematic (isoluminant CVD test)
huemanity__p001__b00,huemanity,unlabelled
huemanity__p002__b00,huemanity,unlabelled
huemanity__p003__b00,huemanity,unlabelled
huemanity__p004__b00,huemanity,unlabelled
huemanity__p005__b00,huemanity,unlabelled
huemanity__p006__b00,huemanity,unlabelled
huemanity__p007__b00,huemanity,unlabelled
huemanity__p008__b00,huemanity,unlabelled
huemanity__p009__b00,huemanity,unlabelled
huemanity__p010__b00,huemanity,unlabelled
huemanity__p011__b00,huemanity,unlabelled
huemanity__p012__b00,huemanity,unlabelled
huemanity__p013__b00,huemanity,unlabelled
huemanity__p014__b00,huemanity,unlabelled
huemanity__p015__b00,huemanity,unlabelled
huemanity__p016__b00,huemanity,unlabelled
huemanity__p017__b00,huemanity,unlabelled
huemanity__p018__b00,huemanity,unlabelled
huemanity__p019__b00,huemanity,unlabelled
huemanity__p020__b00,huemanity,unlabelled
huemanity__p021__b00,huemanity,unlabelled
huemanity__p022__b00,huemanity,unlabelled
huemanity__p023__b00,huemanity,unlabelled
huemanity__p024__b00,huemanity,unlabelled
huemanity__p025__b00,huemanity,unlabelled
huemanity__p026__b00,huemanity,unlabelled
huemanity__p027__b00,huemanity,unlabelled
huemanity__p028__b00,huemanity,unlabelled
huemanity__p029__b00,huemanity,unlabelled
huemanity__p030__b00,huemanity,unlabelled
huemanity__p031__b00,huemanity,unlabelled
huemanity__p032__b00,huemanity,unlabelled
huemanity__p033__b00,huemanity,unlabelled
huemanity__p034__b00,huemanity,unlabelled
huemanity__p035__b00,huemanity,unlabelled
huemanity__p036__b00,huemanity,unlabelled
huemanity__p037__b00,huemanity,unlabelled
huemanity__p038__b00,huemanity,unlabelled
huemanity__p039__b00,huemanity,unlabelled
huemanity__p040__b00,huemanity,unlabelled
huemanity__p041__b00,huemanity,unlabelled
huemanity__p042__b00,huemanity,unlabelled
huemanity__p043__b00,huemanity,unlabelled
huemanity__p044__b00,huemanity,unlabelled
huemanity__p045__b00,huemanity,unlabelled
huemanity__p046__b00,huemanity,unlabelled
huemanity__p047__b00,huemanity,unlabelled
huemanity__p048__b00,huemanity,unlabelled
huemanity__p049__b00,huemanity,unlabelled
huemanity__p050__b00,huemanity,unlabelled
huemanity__p051__b00,huemanity,unlabelled
huemanity__p052__b00,huemanity,unlabelled
huemanity__p053__b00,huemanity,unlabelled
huemanity__p054__b00,huemanity,unlabelled
huemanity__p055__b00,huemanity,unlabelled
huemanity__p056__b00,huemanity,unlabelled
huemanity__p057__b00,huemanity,unlabelled
huemanity__p058__b00,huemanity,unlabelled
huemanity__p059__b00,huemanity,unlabelled
huemanity__p060__b00,huemanity,unlabelled
huemanity__p061__b00,huemanity,unlabelled
huemanity__p062__b00,huemanity,unlabelled
huemanity__p063__b00,huemanity,unlabelled
huemanity__p064__b00,huemanity,unlabelled
huemanity__p065__b00,huemanity,unlabelled
huemanity__p066__b00,huemanity,unlabelled
huemanity__p067__b00,huemanity,unlabelled
huemanity__p068__b00,huemanity,unlabelled
huemanity__p069__b00,huemanity,unlabelled
huemanity__p070__b00,huemanity,unlabelled
huemanity__p071__b00,huemanity,unlabelled
huemanity__p072__b00,huemanity,unlabelled
huemanity__p073__b00,huemanity,unlabelled
huemanity__p074__b00,huemanity,unlabelled
huemanity__p075__b00,huemanity,unlabelled
huemanity__p076__b00,huemanity,unlabelled
huemanity__p077__b00,huemanity,unlabelled
huemanity__p078__b00,huemanity,unlabelled
huemanity__p079__b00,huemanity,unlabelled
huemanity__p080__b00,huemanity,unlabelled
huemanity__p081__b00,huemanity,unlabelled
huemanity__p082__b00,huemanity,unlabelled
huemanity__p083__b00,huemanity,unlabelled
huemanity__p084__b00,huemanity,unlabelled
huemanity__p085__b00,huemanity,unlabelled
huemanity__p086__b00,huemanity,unlabelled
huemanity__p087__b00,huemanity,unlabelled
huemanity__p088__b00,huemanity,unlabelled
huemanity__p089__b00,huemanity,unlabelled
huemanity__p090__b00,huemanity,unlabelled
huemanity__p091__b00,huemanity,unlabelled
huemanity__p092__b00,huemanity,unlabelled
huemanity__p093__b00,huemanity,unlabelled
huemanity__p094__b00,huemanity,unlabelled
huemanity__p095__b00,huemanity,unlabelled
huemanity__p096__b00,huemanity,unlabelled
huemanity__p097__b00,huemanity,unlabelled
huemanity__p098__b00,huemanity,unlabelled
huemanity__p099__b00,huemanity,unlabelled
huemanity__p100__b00,huemanity,unlabelled
