kind,pdf_id,pdf_name,field,n_crops,n_pages,score
figure,10.25088_complexsystems.14.3.269__24a24dae,10.25088_complexsystems.14.3.269.pdf,Physics and Astronomy,2,6,0.9775
figure,10.1007_s10346-024-02451-1__574b2592,10.1007_s10346-024-02451-1.pdf,Environmental Science,5,15,0.9738
figure,10.1038_s44323-025-00024-6__e4fd84c6,10.1038_s44323-025-00024-6.pdf,Neuroscience,2,9,0.9722
figure,10.3389_fclim.2024.1506181__f1e11bb7,10.3389_fclim.2024.1506181.pdf,Earth and Planetary Sciences,4,15,0.9715
figure,10.1038_s43247-024-01761-5__8acad1a5,10.1038_s43247-024-01761-5.pdf,Earth and Planetary Sciences,3,4,0.9644
figure,10.1038_s41698-024-00522-z__004412a4,10.1038_s41698-024-00522-z.pdf,Immunology and Microbiology,3,19,0.9569
figure,10.48084_etasr.12744__3ac612ad,10.48084_etasr.12744.pdf,Engineering,5,6,0.9434
figure,10.1007_s43994-024-00177-3__baf39e9e,10.1007_s43994-024-00177-3.pdf,Agricultural and Biological Sciences,5,17,0.9417
figure,10.2147_idr.s505311__323dcaad,10.2147_idr.s505311.pdf,Immunology and Microbiology,10,6,0.9398
figure,10.3389_fnagi.2024.1347987__ed93ad14,10.3389_fnagi.2024.1347987.pdf,Neuroscience,5,16,0.9329
figure,10.1038_s41420-024-01815-9__92d37c5d,10.1038_s41420-024-01815-9.pdf,Immunology and Microbiology,4,16,0.9324
figure,10.1056_nejmoa2305434__8b2a3cdb,10.1056_nejmoa2305434.pdf,"Biochemistry, Genetics and Molecular Biology",7,11,0.9282
figure,10.1186_s11671-024-04159-6__9917a6fa,10.1186_s11671-024-04159-6.pdf,Chemical Engineering,15,18,0.9279
figure,10.1186_s12916-024-03274-6__13762b03,10.1186_s12916-024-03274-6.pdf,"Pharmacology, Toxicology and Pharmaceutics",12,13,0.9197
figure,10.31695_ijasre.2024.1.1__3b05f907,10.31695_ijasre.2024.1.1.pdf,Computer Science,1,6,0.9194
figure,10.54112_bbasr.v2024i1.66__cbe6800e,10.54112_bbasr.v2024i1.66.pdf,Agricultural and Biological Sciences,11,11,0.9142
figure,10.15585_mmwr.mm7414a1__0d37aaeb,10.15585_mmwr.mm7414a1.pdf,Immunology and Microbiology,7,7,0.9117
figure,10.3126_jmcjms.v12i02.69143__4feaff8e,10.3126_jmcjms.v12i02.69143.pdf,Medicine,1,5,0.9055
figure,10.61603_ceas.v2i1.33__639acd23,10.61603_ceas.v2i1.33.pdf,Computer Science,9,8,0.9032
figure,10.1038_s44385-025-00010-4__b000433e,10.1038_s44385-025-00010-4.pdf,Immunology and Microbiology,1,9,0.9006
figure,10.3389_fmicb.2024.1403168__2baed4e3,10.3389_fmicb.2024.1403168.pdf,Immunology and Microbiology,4,17,0.8961
figure,10.58496_bjml_2024_007__720f3001,10.58496_bjml_2024_007.pdf,Computer Science,1,11,0.8933
figure,10.58257_ijprems40411__719dc846,10.58257_ijprems40411.pdf,Engineering,7,4,0.8865
figure,10.1056_nejmoa2414108__2723320b,10.1056_nejmoa2414108.pdf,"Biochemistry, Genetics and Molecular Biology",8,11,0.8854
figure,10.1038_s41538-023-00245-8__bd4d0777,10.1038_s41538-023-00245-8.pdf,Environmental Science,4,13,0.8839
figure,10.1038_s12276-024-01180-8__ca40f411,10.1038_s12276-024-01180-8.pdf,"Biochemistry, Genetics and Molecular Biology",7,14,0.8815
figure,10.1109_led.2024.3356361__a42fcf40,10.1109_led.2024.3356361.pdf,Engineering,1,1,0.8793
figure,10.1038_s41598-024-56706-x__b8a75bcc,10.1038_s41598-024-56706-x.pdf,Medicine,5,14,0.8776
figure,10.1145_3624724__73f9e8a1,10.1145_3624724.pdf,Computer Science,10,12,0.8727
figure,10.3389_fagro.2025.1578915__eff26506,10.3389_fagro.2025.1578915.pdf,Agricultural and Biological Sciences,5,17,0.8708
figure,10.3389_fmicb.2024.1374466__49792b8d,10.3389_fmicb.2024.1374466.pdf,"Biochemistry, Genetics and Molecular Biology",6,20,0.8676
figure,10.1007_s00018-023-05099-7__4c2c50e4,10.1007_s00018-023-05099-7.pdf,"Biochemistry, Genetics and Molecular Biology",7,19,0.8656
figure,10.1056_nejmoa2312117__c2ac0eeb,10.1056_nejmoa2312117.pdf,Medicine,10,14,0.8571
figure,10.3389_fimmu.2024.1352946__5d7428a6,10.3389_fimmu.2024.1352946.pdf,Immunology and Microbiology,9,16,0.8535
figure,10.1038_s41545-024-00408-4__88becbc2,10.1038_s41545-024-00408-4.pdf,Chemistry,7,22,0.8525
figure,10.1038_s43856-023-00419-1__d99d26e5,10.1038_s43856-023-00419-1.pdf,"Biochemistry, Genetics and Molecular Biology",7,11,0.8493
figure,10.1007_s13762-024-05818-y__924e750f,10.1007_s13762-024-05818-y.pdf,Agricultural and Biological Sciences,4,22,0.8459
figure,10.1038_s41561-024-01402-8__be70dd42,10.1038_s41561-024-01402-8.pdf,Environmental Science,13,19,0.8456
figure,10.3201_eid3104.240913__8b42af60,10.3201_eid3104.240913.pdf,Agricultural and Biological Sciences,7,9,0.8437
figure,10.1038_s41597-023-02898-2__d6eb9a85,10.1038_s41597-023-02898-2.pdf,Engineering,2,19,0.8422
figure,10.15585_mmwr.mm7348a2__28e4f625,10.15585_mmwr.mm7348a2.pdf,"Pharmacology, Toxicology and Pharmaceutics",9,7,0.8399
figure,10.1103_physrevd.111.023532__cbb7d7e6,10.1103_physrevd.111.023532.pdf,Physics and Astronomy,15,20,0.8367
figure,10.3389_fsufs.2025.1551460__59b432e7,10.3389_fsufs.2025.1551460.pdf,Agricultural and Biological Sciences,7,16,0.8332
figure,10.1039_d4sc02998d__ded2c896,10.1039_d4sc02998d.pdf,"Pharmacology, Toxicology and Pharmaceutics",9,7,0.8324
figure,10.1016_j.molcel.2023.11.040__c432e99d,10.1016_j.molcel.2023.11.040.pdf,"Biochemistry, Genetics and Molecular Biology",8,10,0.8322
figure,10.3389_fmicb.2024.1383813__a9a566a1,10.3389_fmicb.2024.1383813.pdf,Agricultural and Biological Sciences,4,13,0.8303
figure,10.1007_s00338-024-02504-w__4b386863,10.1007_s00338-024-02504-w.pdf,Environmental Science,3,5,0.8271
figure,10.1038_s41420-024-01960-1__39c0b1b4,10.1038_s41420-024-01960-1.pdf,Neuroscience,4,17,0.8271
figure,10.1186_s12964-023-01398-5__1e924ca7,10.1186_s12964-023-01398-5.pdf,"Biochemistry, Genetics and Molecular Biology",6,16,0.8244
figure,10.1038_s41524-024-01500-6__7b525269,10.1038_s41524-024-01500-6.pdf,Materials Science,14,9,0.8224
figure,10.1186_s12951-023-02253-y__b4ec0e5e,10.1186_s12951-023-02253-y.pdf,"Pharmacology, Toxicology and Pharmaceutics",10,22,0.8185
figure,10.1186_s43094-024-00594-5__ad0c7d4e,10.1186_s43094-024-00594-5.pdf,Chemistry,11,12,0.8093
figure,10.1038_s41557-023-01428-2__2fd33697,10.1038_s41557-023-01428-2.pdf,Chemistry,7,9,0.8063
figure,10.3389_fenvs.2024.1336088__3f779a48,10.3389_fenvs.2024.1336088.pdf,Environmental Science,5,19,0.8048
figure,10.1007_s44378-025-00041-8__4567c3a6,10.1007_s44378-025-00041-8.pdf,Agricultural and Biological Sciences,3,22,0.7996
figure,10.25040_ntsh2025.01.16__38f0305e,10.25040_ntsh2025.01.16.pdf,"Pharmacology, Toxicology and Pharmaceutics",11,14,0.7992
figure,10.5551_jat.rv22015__7d75f3e5,10.5551_jat.rv22015.pdf,Immunology and Microbiology,5,12,0.7943
figure,10.1038_s41597-024-03571-y__42362084,10.1038_s41597-024-03571-y.pdf,Computer Science,11,10,0.7913
figure,10.1371_journal.pmed.1004565__df52bea2,10.1371_journal.pmed.1004565.pdf,"Pharmacology, Toxicology and Pharmaceutics",10,15,0.7908
figure,10.1111_jpy.13431__ad03a486,10.1111_jpy.13431.pdf,Materials Science,3,15,0.789
figure,10.1186_s40807-024-00120-4__dfed31ec,10.1186_s40807-024-00120-4.pdf,Energy,7,23,0.7875
figure,10.1038_s41591-024-03415-7__23dd18bc,10.1038_s41591-024-03415-7.pdf,"Biochemistry, Genetics and Molecular Biology",5,16,0.7864
figure,10.3389_fendo.2024.1330936__4df52967,10.3389_fendo.2024.1330936.pdf,"Pharmacology, Toxicology and Pharmaceutics",8,12,0.776
figure,10.55927_ijis.v3i3.7337__ed210d11,10.55927_ijis.v3i3.7337.pdf,Immunology and Microbiology,6,18,0.7756
figure,10.1186_s40537-024-00905-w__0aa28ddf,10.1186_s40537-024-00905-w.pdf,Computer Science,10,16,0.7741
figure,10.14218_fim.2023.00086__08cb2143,10.14218_fim.2023.00086.pdf,"Pharmacology, Toxicology and Pharmaceutics",5,15,0.7741
figure,10.1186_s13195-024-01666-7__d3b3295c,10.1186_s13195-024-01666-7.pdf,Medicine,3,12,0.7733
figure,10.1002_hsr2.2004__5a361945,10.1002_hsr2.2004.pdf,Medicine,2,5,0.7713
figure,10.1039_d4su00152d__5cf953ce,10.1039_d4su00152d.pdf,"Pharmacology, Toxicology and Pharmaceutics",9,20,0.7694
figure,10.3389_fchem.2024.1336717__7fe56570,10.3389_fchem.2024.1336717.pdf,"Pharmacology, Toxicology and Pharmaceutics",15,14,0.7621
figure,10.1038_s41467-023-43532-4__019d8162,10.1038_s41467-023-43532-4.pdf,Earth and Planetary Sciences,15,13,0.7561
figure,10.1038_s41422-023-00918-9__906bc287,10.1038_s41422-023-00918-9.pdf,"Biochemistry, Genetics and Molecular Biology",10,23,0.7416
figure,10.1016_s0140-6736_24_01296-0__26579088,10.1016_s0140-6736(24)01296-0.pdf,Medicine,3,2,0.7366
figure,10.3389_fmars.2024.1481734__fdaf4518,10.3389_fmars.2024.1481734.pdf,Earth and Planetary Sciences,15,12,0.7361
figure,10.1186_s12964-023-01466-w__7c71e803,10.1186_s12964-023-01466-w.pdf,Immunology and Microbiology,5,21,0.7328
figure,10.1038_s41398-024-02921-z__d7c13379,10.1038_s41398-024-02921-z.pdf,Neuroscience,6,13,0.7298
figure,10.32473_edis-ae459-2010__e629c6e2,10.32473_edis-ae459-2010.pdf,Environmental Science,1,10,0.7283
figure,10.1039_d4gc05298f__e45188f3,10.1039_d4gc05298f.pdf,Chemistry,9,8,0.7163
figure,10.1056_nejmoa2314132__69e8a3c5,10.1056_nejmoa2314132.pdf,Neuroscience,9,21,0.7084
figure,10.1007_s40264-025-01548-3__831effa3,10.1007_s40264-025-01548-3.pdf,"Pharmacology, Toxicology and Pharmaceutics",3,18,0.7067
figure,10.1038_s41550-024-02410-9__f78d03dc,10.1038_s41550-024-02410-9.pdf,Chemistry,7,9,0.7044
figure,10.1175_jcli-d-23-0479.1__b829941e,10.1175_jcli-d-23-0479.1.pdf,Earth and Planetary Sciences,13,13,0.7044
figure,10.1016_j.joule.2024.02.021__84f4c926,10.1016_j.joule.2024.02.021.pdf,Chemical Engineering,13,15,0.7003
figure,10.1186_s13065-025-01486-2__faecf063,10.1186_s13065-025-01486-2.pdf,Chemistry,7,11,0.6999
figure,10.1038_s41591-024-03130-3__d15554f8,10.1038_s41591-024-03130-3.pdf,Immunology and Microbiology,7,11,0.691
figure,10.1007_s13346-024-01558-1__8d5d3839,10.1007_s13346-024-01558-1.pdf,"Pharmacology, Toxicology and Pharmaceutics",7,18,0.6881
figure,10.1126_sciadv.adt5369__26c6daf0,10.1126_sciadv.adt5369.pdf,Earth and Planetary Sciences,2,3,0.6841
figure,10.1038_s41591-024-03423-7__9aaffddb,10.1038_s41591-024-03423-7.pdf,Computer Science,12,20,0.6812
figure,10.1038_s41929-024-01153-0__17325c39,10.1038_s41929-024-01153-0.pdf,Chemistry,15,11,0.6755
figure,10.1103_physrevlett.132.182501__9fd38bf0,10.1103_physrevlett.132.182501.pdf,Physics and Astronomy,7,6,0.6717
figure,10.3389_fmars.2023.1125137__dd3ccb74,10.3389_fmars.2023.1125137.pdf,Earth and Planetary Sciences,10,11,0.6669
figure,10.3389_fnano.2024.1456939__6e4c1890,10.3389_fnano.2024.1456939.pdf,Materials Science,6,20,0.6607
figure,10.1038_s41423-024-01145-x__e13ec0ae,10.1038_s41423-024-01145-x.pdf,Immunology and Microbiology,4,17,0.6497
figure,10.1038_s41598-023-50600-8__3b85824e,10.1038_s41598-023-50600-8.pdf,"Biochemistry, Genetics and Molecular Biology",14,13,0.6485
figure,10.1038_s41929-024-01130-7__c8a2ec28,10.1038_s41929-024-01130-7.pdf,Chemistry,14,12,0.6458
figure,10.1073_pnas.2411919121__6b8dfc20,10.1073_pnas.2411919121.pdf,Immunology and Microbiology,14,9,0.6453
figure,10.1038_s41597-024-03031-7__4c4a7ea6,10.1038_s41597-024-03031-7.pdf,"Biochemistry, Genetics and Molecular Biology",4,10,0.6405
figure,10.1038_s44221-024-00206-9__4f25e316,10.1038_s44221-024-00206-9.pdf,Environmental Science,11,8,0.6325
figure,10.31032_ijbpas_2025_14.4.8878__e02b8933,10.31032_ijbpas_2025_14.4.8878.pdf,Materials Science,1,12,0.6247
figure,10.2807_1560-7917.es.2024.29.11.2400106__a7485c06,10.2807_1560-7917.es.2024.29.11.2400106.pdf,Immunology and Microbiology,7,6,0.6103
figure,10.1016_s2468-1253_24_00034-7__c965f820,10.1016_s2468-1253(24)00034-7.pdf,"Biochemistry, Genetics and Molecular Biology",13,13,0.6097
figure,10.1038_s41558-024-01925-3__f2b9ee76,10.1038_s41558-024-01925-3.pdf,Environmental Science,14,14,0.6042
figure,10.3389_fchem.2023.1327426__9db1a163,10.3389_fchem.2023.1327426.pdf,Materials Science,15,21,0.6034
figure,10.1038_s41420-024-01803-z__40996a6e,10.1038_s41420-024-01803-z.pdf,"Biochemistry, Genetics and Molecular Biology",4,12,0.5419
figure,10.1038_s41586-024-08342-8__d9afc8ff,10.1038_s41586-024-08342-8.pdf,"Pharmacology, Toxicology and Pharmaceutics",14,9,0.536
figure,10.1021_jacs.3c11515__bd25d692,10.1021_jacs.3c11515.pdf,"Pharmacology, Toxicology and Pharmaceutics",13,17,0.5162
control,10.1007_s40264-024-01421-9__1f740516,10.1007_s40264-024-01421-9.pdf,"Pharmacology, Toxicology and Pharmaceutics",0,,
control,10.1016_s0140-6736_25_00047-9__5d2ae772,10.1016_s0140-6736(25)00047-9.pdf,Immunology and Microbiology,0,,
control,10.1016_s2666-5247_24_00016-8__c513bf42,10.1016_s2666-5247(24)00016-8.pdf,Medicine,0,,
control,10.1021_jacs.5c05028__d2e4116e,10.1021_jacs.5c05028.pdf,Chemical Engineering,0,,
control,10.1038_s41561-024-01608-w__749ea151,10.1038_s41561-024-01608-w.pdf,Earth and Planetary Sciences,0,,
control,10.1038_s41565-025-01895-3__4ba1f802,10.1038_s41565-025-01895-3.pdf,Energy,0,,
control,10.1038_s41586-023-06918-4__f7911686,10.1038_s41586-023-06918-4.pdf,Engineering,0,,
control,10.1038_s41586-024-08416-7__89f4f2a9,10.1038_s41586-024-08416-7.pdf,"Biochemistry, Genetics and Molecular Biology",0,,
control,10.1038_s41590-024-02036-z__dd66bb29,10.1038_s41590-024-02036-z.pdf,Immunology and Microbiology,0,,
control,10.1038_s43586-024-00370-y__aefeec51,10.1038_s43586-024-00370-y.pdf,Chemistry,0,,
figure,Spatial_Variability_of_Soil_Properties_and_Its_Eff,Spatial_Variability_of_Soil_Properties_and_Its_Eff.pdf,Agricultural and Biological Sciences,77,,
figure,Improving_topside_ionospheric_empirical_model_usin,Improving_topside_ionospheric_empirical_model_usin.pdf,Earth and Planetary Sciences,36,,
